acronym	expansion	titles	status	note	rule_line
nir	national inventory report	645	ready		"nir +> ?""national inventory report"";"
nc	national communication	364	review	competing: national communication (361); national communications (3)	"nc +> ?""national communication"";"
nid	national inventory document	221	ready		"nid +> ?""national inventory document"";"
crt	common reporting table	134	review	competing: common reporting table (131); common reporting tables (3)	"crt +> ?""common reporting table"";"
necp	national energy climate plan	106	review	already a rule in documents.sr	"necp +> ?""national energy climate plan"";"
br	biennial report	84	review	ISO-2 prefix, Brunei Darussalam	"br +> ?""biennial report"";"
bur	biennial update report	83	review	competing: biennial update report (81); biennial update reports (2)	"bur +> ?""biennial update report"";"
unfccc	united nations framework convention climate change	62	review	competing: united nations framework convention climate change (59); united national framework convention climate change (2); united nation framework convention climate change (1)	"unfccc +> ?""united nations framework convention climate change"";"
napa	national adaptation programme action	46	review	competing: national adaptation programme action (30); national adaptation plan action (12); national action programme adaptation (2)	"napa +> ?""national adaptation programme action"";"
btr	biennial transparency report	45	ready		"btr +> ?""biennial transparency report"";"
ndc	nationally determined contribution	26	review	already a rule in passages.sr	"ndc +> ?""nationally determined contribution"";"
nap	national adaptation plan	22	review	competing: national adaptation plan (14); national action plan (2); national climate change adaptation plan (2)	"nap +> ?""national adaptation plan"";"
cdp	carbon disclosure project	20	ready		"cdp +> ?""carbon disclosure project"";"
neeap	national energy efficiency action plan	19	ready		"neeap +> ?""national energy efficiency action plan"";"
glof	glacial lake outburst flood	14	ready		"glof +> ?""glacial lake outburst flood"";"
fbur	first biennial update report	14	ready		"fbur +> ?""first biennial update report"";"
srmi	sustainable renewables risk mitigation initiative	13	ready		"srmi +> ?""sustainable renewables risk mitigation initiative"";"
tnc	third national communication	13	ready		"tnc +> ?""third national communication"";"
detec	department environment transport energy communications	12	ready		"detec +> ?""department environment transport energy communications"";"
ta	technical assistance	12	review	competing: technical assistance (10); technical assessment (2)	"ta +> ?""technical assistance"";"
tcap	tuvalu coastal adaptation project	10	ready		"tcap +> ?""tuvalu coastal adaptation project"";"
nbsap	national biodiversity strategy action plan	10	review	competing: national biodiversity strategy action plan (8); national biodiversity strategic action plan (2)	"nbsap +> ?""national biodiversity strategy action plan"";"
iges	institute global environmental strategies	10	ready		"iges +> ?""institute global environmental strategies"";"
agn	african group negotiators	10	ready		"agn +> ?""african group negotiators"";"
etf	enhanced transparency framework	9	ready		"etf +> ?""enhanced transparency framework"";"
brcrn	building resilient churia region nepal	9	ready		"brcrn +> ?""building resilient churia region nepal"";"
pml	plymouth marine laboratory	9	ready		"pml +> ?""plymouth marine laboratory"";"
crf	common reporting format	9	ready		"crf +> ?""common reporting format"";"
araf	acumen resilient agriculture fund	9	ready		"araf +> ?""acumen resilient agriculture fund"";"
egip	embedded generation investment programme	9	ready		"egip +> ?""embedded generation investment programme"";"
cerp	climate equity reference project	8	ready		"cerp +> ?""climate equity reference project"";"
indc	intended nationally determined contribution	8	ready		"indc +> ?""intended nationally determined contribution"";"
lgma	local governments municipal authorities	8	ready		"lgma +> ?""local governments municipal authorities"";"
nsds	national sustainable development strategy	8	review	competing: national sustainable development strategy (4); national sustainability development strategy (2); national spatial development strategy (2)	"nsds +> ?""national sustainable development strategy"";"
reap	renewable energy auctions policy	8	review	competing: renewable energy auctions policy (2); rural energy america program (2); resilience enhancement through adaptation pacific (2)	"reap +> ?""renewable energy auctions policy"";"
ggw	great green wall	8	ready		"ggw +> ?""great green wall"";"
nreap	national renewable energy action plan	7	ready		"nreap +> ?""national renewable energy action plan"";"
damsheg	denman aberdeen muswellbrook scone healthy environment group	7	ready		"damsheg +> ?""denman aberdeen muswellbrook scone healthy environment group"";"
ioc	indian ocean commission	7	ready		"ioc +> ?""indian ocean commission"";"
ccs	clean cooking solutions	7	review	competing: clean cooking solutions (5); carbon capture storage (2)	"ccs +> ?""clean cooking solutions"";"
crim	climate resilient infrastructure mainstreaming	7	ready		"crim +> ?""climate resilient infrastructure mainstreaming"";"
pep	philippine energy plan	7	ready		"pep +> ?""philippine energy plan"";"
fsm	federated states micronesia	7	review	ISO code for Micronesia	"fsm +> ?""federated states micronesia"";"
gams	gums adaptation mitigation sudan	7	ready		"gams +> ?""gums adaptation mitigation sudan"";"
care-lg	climate adaptation resilience engagement local governments	7	ready		"care-lg +> ?""climate adaptation resilience engagement local governments"";"
pdp	power development plan	7	review	competing: power development plan (3); physical development plan (2); philippine development plan (2)	"pdp +> ?""power development plan"";"
leaf	leveraging energy access finance	7	ready		"leaf +> ?""leveraging energy access finance"";"
eaw	environmental assessment worksheet	6	ready		"eaw +> ?""environmental assessment worksheet"";"
eis	environmental impact statement	6	ready		"eis +> ?""environmental impact statement"";"
esi	energy savings insurance	6	ready		"esi +> ?""energy savings insurance"";"
meps	minimum energy performance standards	6	ready		"meps +> ?""minimum energy performance standards"";"
sids	small island developing states	6	review	political grouping in ISO data	"sids +> ?""small island developing states"";"
afawa	affirmative finance action women africa	6	ready		"afawa +> ?""affirmative finance action women africa"";"
ceri	children s environmental rights initiative	6	review	competing: children s environmental rights initiative (4); circular economy regional initiative (2)	"ceri +> ?""children s environmental rights initiative"";"
tacatdp	tanzania agriculture climate adaptation technology deployment programme	6	ready		"tacatdp +> ?""tanzania agriculture climate adaptation technology deployment programme"";"
eafrd	european agricultural fund rural development	6	ready		"eafrd +> ?""european agricultural fund rural development"";"
eagf	european agricultural guarantee fund	6	ready		"eagf +> ?""european agricultural guarantee fund"";"
rfs	renewable fuel standard	6	ready		"rfs +> ?""renewable fuel standard"";"
vccrp	vanuatu community based climate resilience project	6	ready		"vccrp +> ?""vanuatu community based climate resilience project"";"
baf	blue action fund	6	ready		"baf +> ?""blue action fund"";"
sbur	second biennial update report	6	ready		"sbur +> ?""second biennial update report"";"
peeb	programme energy efficiency buildings	6	ready		"peeb +> ?""programme energy efficiency buildings"";"
aida	asociacion interamericana para la defensa del ambiente	5	ready		"aida +> ?""asociacion interamericana para la defensa del ambiente"";"
acgf	asean catalytic green finance	5	ready		"acgf +> ?""asean catalytic green finance"";"
apa	adapting philippine agriculture	5	ready		"apa +> ?""adapting philippine agriculture"";"
nccap	national climate change action plan	5	ready		"nccap +> ?""national climate change action plan"";"
ema	environmental management act	5	ready		"ema +> ?""environmental management act"";"
iucn	international union conservation nature	5	ready		"iucn +> ?""international union conservation nature"";"
ahurp	affordable housing resilient urban renewal project	5	ready		"ahurp +> ?""affordable housing resilient urban renewal project"";"
nsp	national strategic plan	5	review	competing: national strategic plan (4); national steel policy (1)	"nsp +> ?""national strategic plan"";"
bmw	bayerische motoren werke	5	ready		"bmw +> ?""bayerische motoren werke"";"
mrv	monitoring reporting verification	5	review	competing: monitoring reporting verification (3); measurement reporting verification (2)	"mrv +> ?""monitoring reporting verification"";"
pearl	partnerships ecologically sound agriculture resilient livelihood	5	review	competing: partnerships ecologically sound agriculture resilient livelihood (4); pa enua action resilient livelihoods (1)	"pearl +> ?""partnerships ecologically sound agriculture resilient livelihood"";"
rhl	resilient homestead livelihood	5	ready		"rhl +> ?""resilient homestead livelihood"";"
ggbi	global green bond initiative	4	ready		"ggbi +> ?""global green bond initiative"";"
grdp	green resilience debt platform	4	ready		"grdp +> ?""green resilience debt platform"";"
ndmp	national disaster management plan	4	ready		"ndmp +> ?""national disaster management plan"";"
ius	integrated utility services	4	ready		"ius +> ?""integrated utility services"";"
cap	common agricultural policy	4	ready		"cap +> ?""common agricultural policy"";"
balsas	basin approach livelihood sustainability through adaptation strategies	4	ready		"balsas +> ?""basin approach livelihood sustainability through adaptation strategies"";"
cafe	corporate average fuel economy	4	ready		"cafe +> ?""corporate average fuel economy"";"
pseg	public service enterprise group	4	ready		"pseg +> ?""public service enterprise group"";"
emis	energy management information system	4	review	competing: energy management information system (2); energy management information systems (2)	"emis +> ?""energy management information system"";"
gcip	global cleantech innovation programme	4	ready		"gcip +> ?""global cleantech innovation programme"";"
hpmp	hcfc phase out management plan	4	ready		"hpmp +> ?""hcfc phase out management plan"";"
shp	small hydro power	4	ready		"shp +> ?""small hydro power"";"
fao	food agriculture organization	4	ready		"fao +> ?""food agriculture organization"";"
pdr	people s democratic republic	4	ready		"pdr +> ?""people s democratic republic"";"
crra	climate resilient regenerative agricultural	4	ready		"crra +> ?""climate resilient regenerative agricultural"";"
kjip	kiribati joint implementation plan	4	ready		"kjip +> ?""kiribati joint implementation plan"";"
igff	india green finance facility	4	ready		"igff +> ?""india green finance facility"";"
spa	strategic partnership agreement	4	ready		"spa +> ?""strategic partnership agreement"";"
redd	reduction emissions deforestation forestry degradation	4	review	competing: reduction emissions deforestation forestry degradation (2); reduced emissions deforestation forest degradation (2)	"redd +> ?""reduction emissions deforestation forestry degradation"";"
icci	international cryosphere climate initiative	4	ready		"icci +> ?""international cryosphere climate initiative"";"
scpz	staple crops processing zone	4	ready		"scpz +> ?""staple crops processing zone"";"
nep	national energy policy	4	review	competing: national energy policy (2); national environment policy (2)	"nep +> ?""national energy policy"";"
rwi	resilient water infrastructure	4	ready		"rwi +> ?""resilient water infrastructure"";"
slcrp	sierra leone coastal resilience project	4	ready		"slcrp +> ?""sierra leone coastal resilience project"";"
bea	building efficiency accelerator	4	ready		"bea +> ?""building efficiency accelerator"";"
set	supporting energy transition	4	review	competing: supporting energy transition (2); strategic energy technology (2)	"set +> ?""supporting energy transition"";"
asdip	aimags soums green regional development investment program	4	ready		"asdip +> ?""aimags soums green regional development investment program"";"
rgif	rwanda green investment facility	4	ready		"rgif +> ?""rwanda green investment facility"";"
lcpdp	least cost power development plans	4	ready		"lcpdp +> ?""least cost power development plans"";"
cbit	capacity building initiative transparency	4	ready		"cbit +> ?""capacity building initiative transparency"";"
ecrf	enhancing climate resilience flood prone	4	ready		"ecrf +> ?""enhancing climate resilience flood prone"";"
saed	special additional excise duty	4	ready		"saed +> ?""special additional excise duty"";"
rggi	regional greenhouse gas initiative	4	ready		"rggi +> ?""regional greenhouse gas initiative"";"
nccs	national climate change strategy	4	ready		"nccs +> ?""national climate change strategy"";"
srvali	strengthening climate resilience vulnerable agriculture livelihoods iraq	4	ready		"srvali +> ?""strengthening climate resilience vulnerable agriculture livelihoods iraq"";"
ccgap	climate change gender action plan	4	ready		"ccgap +> ?""climate change gender action plan"";"
gfll-sl	governance forest landscapes livelihoods southern laos	4	ready		"gfll-sl +> ?""governance forest landscapes livelihoods southern laos"";"
drr	disaster risk reduction	4	ready		"drr +> ?""disaster risk reduction"";"
gcha	global climate health alliance	4	ready		"gcha +> ?""global climate health alliance"";"
sawep	south africa wind energy project	4	review	competing: south africa wind energy project (2); south africa wind energy programme (2)	"sawep +> ?""south africa wind energy project"";"
snc	second national communication	4	ready		"snc +> ?""second national communication"";"
bgb	blue green bank	4	ready		"bgb +> ?""blue green bank"";"
iaat	intensification agriculture agroforestry techniques	4	ready		"iaat +> ?""intensification agriculture agroforestry techniques"";"
caisar	climate adaptive irrigation sustainable agriculture resilience	4	ready		"caisar +> ?""climate adaptive irrigation sustainable agriculture resilience"";"
iea	international energy agency	4	ready		"iea +> ?""international energy agency"";"
esa	european space agency	4	ready		"esa +> ?""european space agency"";"
icrf	infrastructure climate resilient fund	4	ready		"icrf +> ?""infrastructure climate resilient fund"";"
asap	accelerating solar action program	4	review	competing: accelerating solar action program (2); adaptation sme accelerator project (2)	"asap +> ?""accelerating solar action program"";"
fmap	financing mitigation adaptation projects	4	ready		"fmap +> ?""financing mitigation adaptation projects"";"
ccap	climate change action plan	4	review	competing: climate change action plan (2); climate change adaptation plan (2)	"ccap +> ?""climate change action plan"";"
dgm	dedicated grant mechanism	4	ready		"dgm +> ?""dedicated grant mechanism"";"
iee	industrial energy efficiency	4	ready		"iee +> ?""industrial energy efficiency"";"
opec	organization petroleum exporting countries	4	ready		"opec +> ?""organization petroleum exporting countries"";"
avgf	atome villeta green fertilizer	4	ready		"avgf +> ?""atome villeta green fertilizer"";"
scwrp	south coast water reclamation project	4	ready		"scwrp +> ?""south coast water reclamation project"";"
ccmp	climate change master plan	4	ready		"ccmp +> ?""climate change master plan"";"
car	central african republic	4	ready		"car +> ?""central african republic"";"
cff	climate fiscal framework	3	ready		"cff +> ?""climate fiscal framework"";"
nas	national agriculture strategy	3	review	competing: national agriculture strategy (2); national climate adaptation strategy (1)	"nas +> ?""national agriculture strategy"";"
csa	climate smart agricultural	3	review	competing: climate smart agricultural (2); climate smart agriculture (1)	"csa +> ?""climate smart agricultural"";"
ip	integrated program	3	review	competing: integrated program (2); investment plan (1)	"ip +> ?""integrated program"";"
aep	american electric power	3	ready		"aep +> ?""american electric power"";"
itw	illnois tool works	3	ready		"itw +> ?""illnois tool works"";"
drc	democratic republic congo	3	ready		"drc +> ?""democratic republic congo"";"
zebra	zero emission bus regional areas	3	ready		"zebra +> ?""zero emission bus regional areas"";"
ace	affordable clean energy	3	ready		"ace +> ?""affordable clean energy"";"
esr	effort sharing regulation	3	ready		"esr +> ?""effort sharing regulation"";"
suny	state university new york	3	ready		"suny +> ?""state university new york"";"
bus	boiler upgrade scheme	3	ready		"bus +> ?""boiler upgrade scheme"";"
sail	steel authority india ltd	3	ready		"sail +> ?""steel authority india ltd"";"
gfa	green finance agenda	3	ready		"gfa +> ?""green finance agenda"";"
rrf	recovery resilience facility	3	ready		"rrf +> ?""recovery resilience facility"";"
cru	commission regulation utilities	3	ready		"cru +> ?""commission regulation utilities"";"
erp	emissions reduction plan	3	review	already a rule in documents.sr	"erp +> ?""emissions reduction plan"";"
accr	australasian centre corporate responsibility	3	ready		"accr +> ?""australasian centre corporate responsibility"";"
cncc	creating national committee climate	3	review	competing: creating national committee climate (2); comisión nacional sobre el cambio climático (1)	"cncc +> ?""creating national committee climate"";"
pli	production linked incentive	3	ready		"pli +> ?""production linked incentive"";"
ndp	national development plan	3	ready		"ndp +> ?""national development plan"";"
brsr	business responsibility sustainability reporting	3	review	competing: business responsibility sustainability reporting (2); business responsibility sustainability report (1)	"brsr +> ?""business responsibility sustainability reporting"";"
aim	american innovation manufacturing	3	ready		"aim +> ?""american innovation manufacturing"";"
fwcc	friends world committee consultation	3	ready		"fwcc +> ?""friends world committee consultation"";"
nsdp	national strategic development plan	3	ready		"nsdp +> ?""national strategic development plan"";"
geff	green economy financing facility	3	ready		"geff +> ?""green economy financing facility"";"
astgs	agricultural sector transformation growth strategy	3	ready		"astgs +> ?""agricultural sector transformation growth strategy"";"
rrlip	rural resilience livelihood improvement project	3	ready		"rrlip +> ?""rural resilience livelihood improvement project"";"
saf	scheme green aviation fuels	3	review	competing: scheme green aviation fuels (2); sustainable aviation fuel (1)	"saf +> ?""scheme green aviation fuels"";"
ccus	carbon dioxide capture utilization storage	3	review	competing: carbon dioxide capture utilization storage (2); carbon capture utilization storage (1)	"ccus +> ?""carbon dioxide capture utilization storage"";"
ecsis	early career scholars inclusive stocktake	3	ready		"ecsis +> ?""early career scholars inclusive stocktake"";"
atom	akamatutu anga tatou ora anga meitaki	3	ready		"atom +> ?""akamatutu anga tatou ora anga meitaki"";"
citap	coordinated interagency transmission authorizations permits	3	ready		"citap +> ?""coordinated interagency transmission authorizations permits"";"
pmacc	planes de mitigación y adaptación al cambio climático	3	ready		"pmacc +> ?""planes de mitigación y adaptación al cambio climático"";"
eps	empresas prestadoras de servicios	3	ready		"eps +> ?""empresas prestadoras de servicios"";"
gis	green investment scheme	3	ready		"gis +> ?""green investment scheme"";"
ghg	green house gas	3	ready		"ghg +> ?""green house gas"";"
neep	namibia energy efficiency programme	3	review	competing: namibia energy efficiency programme (2); national energy efficiency policy (1)	"neep +> ?""namibia energy efficiency programme"";"
cmc	commercial metals company	3	ready		"cmc +> ?""commercial metals company"";"
sdg	solar development group	3	review	competing: solar development group (2); solar distributed generation (1)	"sdg +> ?""solar development group"";"
admire	action development marshall islands renewable energies	2	ready		"admire +> ?""action development marshall islands renewable energies"";"
ipam	international platform adaptation metrics	2	ready		"ipam +> ?""international platform adaptation metrics"";"
rera	renewable energy rural electricity access	2	ready		"rera +> ?""renewable energy rural electricity access"";"
iedcr	integrated economic development community resilience	2	ready		"iedcr +> ?""integrated economic development community resilience"";"
tailev	tashkent accelerating investments low emission vehicles	2	ready		"tailev +> ?""tashkent accelerating investments low emission vehicles"";"
d-tafs	decarbonization textile apparel footwear suppliers	2	ready		"d-tafs +> ?""decarbonization textile apparel footwear suppliers"";"
sedp	sustainable energy development project	2	ready		"sedp +> ?""sustainable energy development project"";"
its	intelligent transport system	2	ready		"its +> ?""intelligent transport system"";"
rps	renewable portfolio standard	2	ready		"rps +> ?""renewable portfolio standard"";"
pencas	philippine ecosystem natural capital accounting system	2	ready		"pencas +> ?""philippine ecosystem natural capital accounting system"";"
undp	united nations development programme	2	ready		"undp +> ?""united nations development programme"";"
capcr	community action project climate resilience	2	ready		"capcr +> ?""community action project climate resilience"";"
gm	general motors	2	review	ISO-2 prefix, Gambia	"gm +> ?""general motors"";"
rpo	renewable purchase obligation	2	ready		"rpo +> ?""renewable purchase obligation"";"
compost	creating opportunities municipalities produce operationalise solid waste transformation	2	ready		"compost +> ?""creating opportunities municipalities produce operationalise solid waste transformation"";"
cfhp	climate friendly households programme	2	ready		"cfhp +> ?""climate friendly households programme"";"
nsrd	national strategy regional development	2	ready		"nsrd +> ?""national strategy regional development"";"
empress	energy management performance related energy savings scheme	2	ready		"empress +> ?""energy management performance related energy savings scheme"";"
scale	systemic capital adaptation localization expansion	2	ready		"scale +> ?""systemic capital adaptation localization expansion"";"
sir	sustainable industry reward	2	ready		"sir +> ?""sustainable industry reward"";"
dhc	district heating cooling	2	ready		"dhc +> ?""district heating cooling"";"
epira	electric power industry reform act	2	ready		"epira +> ?""electric power industry reform act"";"
ganhri	global alliance national human rights institutions	2	ready		"ganhri +> ?""global alliance national human rights institutions"";"
smarten	supporting mainstreamed achievement roadmap targets energy nauru	2	ready		"smarten +> ?""supporting mainstreamed achievement roadmap targets energy nauru"";"
act	accelerating coal transition	2	ready		"act +> ?""accelerating coal transition"";"
ceef	commercializing energy efficiency finance	2	ready		"ceef +> ?""commercializing energy efficiency finance"";"
swedpra	small wind energy development promotion rural areas	2	ready		"swedpra +> ?""small wind energy development promotion rural areas"";"
gdp	green development policy	2	ready		"gdp +> ?""green development policy"";"
nreeep	national renewable energy energy efficiency policy	2	ready		"nreeep +> ?""national renewable energy energy efficiency policy"";"
arean	accelerating renewable energy energy efficiency applications niue	2	ready		"arean +> ?""accelerating renewable energy energy efficiency applications niue"";"
nccrp	national climate change response policy	2	ready		"nccrp +> ?""national climate change response policy"";"
snrlap	sustainable natural resource livelihood adaptive programme	2	ready		"snrlap +> ?""sustainable natural resource livelihood adaptive programme"";"
aire	accelerating innovation renewable energy	2	ready		"aire +> ?""accelerating innovation renewable energy"";"
opg	operational policies guidelines	2	ready		"opg +> ?""operational policies guidelines"";"
snap	strategic national action plan	2	ready		"snap +> ?""strategic national action plan"";"
sep	state energy policy	2	ready		"sep +> ?""state energy policy"";"
terra	tajikistan ecosystem restoration resilient agriculture	2	ready		"terra +> ?""tajikistan ecosystem restoration resilient agriculture"";"
iaea	international atomic energy agency	2	ready		"iaea +> ?""international atomic energy agency"";"
smpem	sustainable management peatland ecosystems malaysia	2	ready		"smpem +> ?""sustainable management peatland ecosystems malaysia"";"
ads	agricultural development strategy	2	ready		"ads +> ?""agricultural development strategy"";"
pge	portland general electric	2	ready		"pge +> ?""portland general electric"";"
mss	micro generation support scheme	2	ready		"mss +> ?""micro generation support scheme"";"
ldcrp	local disaster climate resilience planning	2	ready		"ldcrp +> ?""local disaster climate resilience planning"";"
reasap	resilient ecosystems adaptation strategy action plan	2	ready		"reasap +> ?""resilient ecosystems adaptation strategy action plan"";"
piirce	programa indicativo para la instalación y retiro de centrales eléctricas	2	ready		"piirce +> ?""programa indicativo para la instalación y retiro de centrales eléctricas"";"
snep	strategic national energy plan	2	ready		"snep +> ?""strategic national energy plan"";"
nrep	national renewable energy policy	2	ready		"nrep +> ?""national renewable energy policy"";"
ca	climate analytics	2	review	ISO-2 prefix, Central African Republic	"ca +> ?""climate analytics"";"
ccja	caribbean climate justice alliance	2	ready		"ccja +> ?""caribbean climate justice alliance"";"
dvrp	disaster vulnerability reduction project	2	ready		"dvrp +> ?""disaster vulnerability reduction project"";"
smpei	sustainable management peatland ecosystems indonesia	2	ready		"smpei +> ?""sustainable management peatland ecosystems indonesia"";"
rtfo	renewable transport fuel obligation	2	ready		"rtfo +> ?""renewable transport fuel obligation"";"
crc	california resources corporation	2	ready		"crc +> ?""california resources corporation"";"
dream	disaster risk energy access management	2	ready		"dream +> ?""disaster risk energy access management"";"
nfpp	national flood protection plan	2	ready		"nfpp +> ?""national flood protection plan"";"
pocca	pacific ocean climate crisis assessment	2	ready		"pocca +> ?""pacific ocean climate crisis assessment"";"
ogci	oil gas climate initiative	2	ready		"ogci +> ?""oil gas climate initiative"";"
eig	environmental integrity group	2	review	political grouping in ISO data	"eig +> ?""environmental integrity group"";"
srep	scaling up renewable energy program	2	ready		"srep +> ?""scaling up renewable energy program"";"
leds	low emissions development strategy	2	ready		"leds +> ?""low emissions development strategy"";"
seec	sustainable energy eastern caribbean	2	ready		"seec +> ?""sustainable energy eastern caribbean"";"
rnr	renewable natural resources	2	ready		"rnr +> ?""renewable natural resources"";"
gcap	global climate action portal	2	ready		"gcap +> ?""global climate action portal"";"
pecsme	promoting energy conservation small medium scale enterprises	2	ready		"pecsme +> ?""promoting energy conservation small medium scale enterprises"";"
jmc	joint memorandum circular	2	ready		"jmc +> ?""joint memorandum circular"";"
safe	safer affordable fuel efficiency	2	ready		"safe +> ?""safer affordable fuel efficiency"";"
cbd	commercial building disclosure	2	ready		"cbd +> ?""commercial building disclosure"";"
crcf	carbon removal certification framework	2	ready		"crcf +> ?""carbon removal certification framework"";"
siufmp	senegal integrated urban flood management project	2	ready		"siufmp +> ?""senegal integrated urban flood management project"";"
lusip	lower usuthu smallholder irrigation project	2	ready		"lusip +> ?""lower usuthu smallholder irrigation project"";"
gesi	gender equity social inclusion	2	ready		"gesi +> ?""gender equity social inclusion"";"
atag	air transport action group	2	ready		"atag +> ?""air transport action group"";"
nccp	national climate change policy	2	ready		"nccp +> ?""national climate change policy"";"
iplc	indigenous peoples local communities	2	ready		"iplc +> ?""indigenous peoples local communities"";"
carb	coastal adaptation resilience bangladesh	2	ready		"carb +> ?""coastal adaptation resilience bangladesh"";"
swic	south wales industrial cluster	2	ready		"swic +> ?""south wales industrial cluster"";"
flens	forest law enforcement national strategy	2	ready		"flens +> ?""forest law enforcement national strategy"";"
fbr	first biennial report	2	ready		"fbr +> ?""first biennial report"";"
igsd	institute governance sustainable development	2	ready		"igsd +> ?""institute governance sustainable development"";"
bseep	buildings sector energy efficiency project	2	ready		"bseep +> ?""buildings sector energy efficiency project"";"
lcc	low carbon growth cities	2	ready		"lcc +> ?""low carbon growth cities"";"
slm	sustainable land management	2	ready		"slm +> ?""sustainable land management"";"
niip	national infrastructure investment plan	2	ready		"niip +> ?""national infrastructure investment plan"";"
peech	promotion energy efficient cooking heating	2	ready		"peech +> ?""promotion energy efficient cooking heating"";"
ldn	land degradation neutrality	2	ready		"ldn +> ?""land degradation neutrality"";"
nfnsp	national food nutrition security policy	2	ready		"nfnsp +> ?""national food nutrition security policy"";"
idlo	international development law organization	2	ready		"idlo +> ?""international development law organization"";"
dreams	development renewable energy applications mainstreaming market sustainability	2	ready		"dreams +> ?""development renewable energy applications mainstreaming market sustainability"";"
ugeap	universal green energy access programme	2	ready		"ugeap +> ?""universal green energy access programme"";"
dfaa	disaster financial assistance arrangements	2	ready		"dfaa +> ?""disaster financial assistance arrangements"";"
lgeepa	ley general de equilibrio ecológico y protección al	2	ready		"lgeepa +> ?""ley general de equilibrio ecológico y protección al"";"
slacc	sustainable livelihoods adaptation climate change	2	ready		"slacc +> ?""sustainable livelihoods adaptation climate change"";"
shdp	sustainable hydropower development policy	2	ready		"shdp +> ?""sustainable hydropower development policy"";"
gesip	green economy strategy implementation plan	2	ready		"gesip +> ?""green economy strategy implementation plan"";"
easp	electricity access scale up project	2	ready		"easp +> ?""electricity access scale up project"";"
ncc	nature cooling challenge	2	ready		"ncc +> ?""nature cooling challenge"";"
bpz	biofuels policy zimbabwe	2	ready		"bpz +> ?""biofuels policy zimbabwe"";"
cmplcl	caué me zochi principe lemba cantagalo lobata	2	ready		"cmplcl +> ?""caué me zochi principe lemba cantagalo lobata"";"
nccas	national climate change adaptation strategy	2	ready		"nccas +> ?""national climate change adaptation strategy"";"
iflmp	improved forested landscape management project	2	ready		"iflmp +> ?""improved forested landscape management project"";"
gtalcc	green technology application development low carbon cities	2	ready		"gtalcc +> ?""green technology application development low carbon cities"";"
ssesnz	secretary state energy security net zero	2	ready		"ssesnz +> ?""secretary state energy security net zero"";"
ngers	national greenhouse energy reporting system	2	ready		"ngers +> ?""national greenhouse energy reporting system"";"
brf	biofuels regulatory framework	2	ready		"brf +> ?""biofuels regulatory framework"";"
tve	township village enterprises	2	ready		"tve +> ?""township village enterprises"";"
salma	smart adaptation forest landscapes mountain areas	2	ready		"salma +> ?""smart adaptation forest landscapes mountain areas"";"
emfs	estrategia de movilización de financiamiento sostenible	2	ready		"emfs +> ?""estrategia de movilización de financiamiento sostenible"";"
mats	mercury air toxics standard	2	ready		"mats +> ?""mercury air toxics standard"";"
test	transfer environmentally sound technology	2	ready		"test +> ?""transfer environmentally sound technology"";"
fiw	financial innovation window	2	ready		"fiw +> ?""financial innovation window"";"
iigcc	institutional investors group climate change	2	ready		"iigcc +> ?""institutional investors group climate change"";"
ipac-mam	increasing productivity adaptive capacity mountain areas morocco	2	ready		"ipac-mam +> ?""increasing productivity adaptive capacity mountain areas morocco"";"
nscc	national strategy climate change	2	ready		"nscc +> ?""national strategy climate change"";"
shs	solar home systems	2	ready		"shs +> ?""solar home systems"";"
nesp	national environment sector plan	2	ready		"nesp +> ?""national environment sector plan"";"
fyidp	five year indicative development plan	2	ready		"fyidp +> ?""five year indicative development plan"";"
cdm	comprehensive disaster management	2	ready		"cdm +> ?""comprehensive disaster management"";"
cwp	country work programme	2	ready		"cwp +> ?""country work programme"";"
gtp	growth transformation plan	2	ready		"gtp +> ?""growth transformation plan"";"
cebbo	clean electric buses beijing olympics	2	ready		"cebbo +> ?""clean electric buses beijing olympics"";"
asdp	agricultural strategic development plan	2	ready		"asdp +> ?""agricultural strategic development plan"";"
rdvrp	regional disaster vulnerability reduction project	2	ready		"rdvrp +> ?""regional disaster vulnerability reduction project"";"
poidier	promoting outer island development through integrated energy roadmap	2	ready		"poidier +> ?""promoting outer island development through integrated energy roadmap"";"
impli	integrated management peatland landscapes indonesia	2	ready		"impli +> ?""integrated management peatland landscapes indonesia"";"
piccap	pacific islands climate change assistance project	2	ready		"piccap +> ?""pacific islands climate change assistance project"";"
macs	mobile air conditioning systems	2	ready		"macs +> ?""mobile air conditioning systems"";"
bcrl	building climate resilient livelihoods	2	ready		"bcrl +> ?""building climate resilient livelihoods"";"
nfmp	national forestry management policy	2	ready		"nfmp +> ?""national forestry management policy"";"
tna	technology needs assessments	2	ready		"tna +> ?""technology needs assessments"";"
cbp	carbon benefits project	2	ready		"cbp +> ?""carbon benefits project"";"
fsrp	food systems resilience program	2	ready		"fsrp +> ?""food systems resilience program"";"
epacc	ethiopian programme adaptation climate change	2	ready		"epacc +> ?""ethiopian programme adaptation climate change"";"
arep	alternative renewable energy policy	2	ready		"arep +> ?""alternative renewable energy policy"";"
rilap	resilient integrated livestock aquaculture project	2	ready		"rilap +> ?""resilient integrated livestock aquaculture project"";"
ee	energy efficiency	2	ready		"ee +> ?""energy efficiency"";"
hgrp	hotel green revitalization program	2	ready		"hgrp +> ?""hotel green revitalization program"";"
cares	climate adaptation resilience enhancement south	2	ready		"cares +> ?""climate adaptation resilience enhancement south"";"
unep	united nations environment programme	2	ready		"unep +> ?""united nations environment programme"";"
ceip-i	coastal embankment improvement project phase i	2	ready		"ceip-i +> ?""coastal embankment improvement project phase i"";"
pl	public lighting	2	review	ISO-2 prefix, Palau	"pl +> ?""public lighting"";"
cca	climate change adaptation	2	ready		"cca +> ?""climate change adaptation"";"
stp	solar transformation programme	2	review	ISO code for Sao Tome and Principe	"stp +> ?""solar transformation programme"";"
eja	environmental justice australia	2	ready		"eja +> ?""environmental justice australia"";"
gscda	geological storage carbon dioxide act	2	ready		"gscda +> ?""geological storage carbon dioxide act"";"
ndrmp	national disaster risk management plan	2	ready		"ndrmp +> ?""national disaster risk management plan"";"
otnr	offshore transmission network review	2	ready		"otnr +> ?""offshore transmission network review"";"
nehap-2	national environment health action plan georgia 2018 2022	2	ready		"nehap-2 +> ?""national environment health action plan georgia 2018 2022"";"
icp	information collection preparation	2	ready		"icp +> ?""information collection preparation"";"
fasnett	facilitation achievement sustainable national energy targets tuvalu	2	ready		"fasnett +> ?""facilitation achievement sustainable national energy targets tuvalu"";"
bs	bharat stage	2	ready		"bs +> ?""bharat stage"";"
arise	accelerating renewable energy integration sustainable energy	2	ready		"arise +> ?""accelerating renewable energy integration sustainable energy"";"
aspire	accelerating sustainable private investments renewable energy	2	ready		"aspire +> ?""accelerating sustainable private investments renewable energy"";"
idlm	integrated disaster land management	2	ready		"idlm +> ?""integrated disaster land management"";"
napcc	national action programme climate change	2	ready		"napcc +> ?""national action programme climate change"";"
spe	state ecological transformation plan eco responsible	2	ready		"spe +> ?""state ecological transformation plan eco responsible"";"
peecb	promoting energy efficiency commercial buildings	2	ready		"peecb +> ?""promoting energy efficiency commercial buildings"";"
s-ret	scaling up renewable energy technologies	2	ready		"s-ret +> ?""scaling up renewable energy technologies"";"
spires	stimulating progress towards improved rural electrification solomons	2	ready		"spires +> ?""stimulating progress towards improved rural electrification solomons"";"
seems	sustainable energy efficiency municipal services	2	ready		"seems +> ?""sustainable energy efficiency municipal services"";"
eli	efficient lighting initiative	2	ready		"eli +> ?""efficient lighting initiative"";"
nrrp	national recovery resilience plan	2	ready		"nrrp +> ?""national recovery resilience plan"";"
carla	climate adaptation rural livelihoods agriculture	2	ready		"carla +> ?""climate adaptation rural livelihoods agriculture"";"
nicra	national innovation climate resilient agriculture	2	ready		"nicra +> ?""national innovation climate resilient agriculture"";"
ffpms	forest fire prevention management scheme	2	ready		"ffpms +> ?""forest fire prevention management scheme"";"
iccc	inter ministerial committee climate change	2	ready		"iccc +> ?""inter ministerial committee climate change"";"
hei	hawaiian electric industries	2	ready		"hei +> ?""hawaiian electric industries"";"
retdap	renewable energy technology development application project	2	ready		"retdap +> ?""renewable energy technology development application project"";"
ara	adaptation research alliance	2	ready		"ara +> ?""adaptation research alliance"";"
cdkn	climate development knowledge network	2	ready		"cdkn +> ?""climate development knowledge network"";"
ezcertv	enabling zero carbon energy rural towns villages	2	ready		"ezcertv +> ?""enabling zero carbon energy rural towns villages"";"
ndms	national disaster management strategy	2	ready		"ndms +> ?""national disaster management strategy"";"
sap	sectoral adaptation programme	2	ready		"sap +> ?""sectoral adaptation programme"";"
nmrs	national monitoring reporting system	2	ready		"nmrs +> ?""national monitoring reporting system"";"
slwrmp	sustainable land water resources management project	2	ready		"slwrmp +> ?""sustainable land water resources management project"";"
tedap	tanzania energy development access project	2	ready		"tedap +> ?""tanzania energy development access project"";"
rs	rectangular strategy	2	ready		"rs +> ?""rectangular strategy"";"
cresp	china renewable energy scaling up program	2	ready		"cresp +> ?""china renewable energy scaling up program"";"
resp	rural electrification strategy plan	2	ready		"resp +> ?""rural electrification strategy plan"";"
rrep	rural renewable energy policy	2	ready		"rrep +> ?""rural renewable energy policy"";"
ar	antero resources	2	review	ISO-2 prefix, United Arab Emirates	"ar +> ?""antero resources"";"
gfei	global fuel economy initiative	2	ready		"gfei +> ?""global fuel economy initiative"";"
gngp	greater nokoue greening program	2	ready		"gngp +> ?""greater nokoue greening program"";"
mtebrb	market transformation energy efficient bricks rural buildings	2	ready		"mtebrb +> ?""market transformation energy efficient bricks rural buildings"";"
cepa	communication education public awareness	2	ready		"cepa +> ?""communication education public awareness"";"
mccsap	myanmar climate change strategy action plan	2	ready		"mccsap +> ?""myanmar climate change strategy action plan"";"
gmw	global mangrove watch	2	ready		"gmw +> ?""global mangrove watch"";"
peerac	promoting energy efficient room air conditioners	2	ready		"peerac +> ?""promoting energy efficient room air conditioners"";"
respar	renewable energy systems peruvian amazon region	2	ready		"respar +> ?""renewable energy systems peruvian amazon region"";"
nccpis	national climate change policy implementation strategy	2	ready		"nccpis +> ?""national climate change policy implementation strategy"";"
pirep	pacific islands renewable energy programme	2	ready		"pirep +> ?""pacific islands renewable energy programme"";"
mpsbee	micronesia public sector buildings energy efficiency	2	ready		"mpsbee +> ?""micronesia public sector buildings energy efficiency"";"
utnwf	upper tana nairobi water fund	2	ready		"utnwf +> ?""upper tana nairobi water fund"";"
pat	perform achieve trade	2	ready		"pat +> ?""perform achieve trade"";"
gaig	guangzhou automobile industry group	2	ready		"gaig +> ?""guangzhou automobile industry group"";"
crea	climate resilience enhancement building adaptive	2	ready		"crea +> ?""climate resilience enhancement building adaptive"";"
mbbi	mediators beyond borders international	2	ready		"mbbi +> ?""mediators beyond borders international"";"
ica	international consultations analysis	2	ready		"ica +> ?""international consultations analysis"";"
algas	asia least cost greenhouse gas abatement strategy	2	ready		"algas +> ?""asia least cost greenhouse gas abatement strategy"";"
npcchh	national programme climate change human health	2	ready		"npcchh +> ?""national programme climate change human health"";"
sut	sustainable urban transport	2	ready		"sut +> ?""sustainable urban transport"";"
sedrea	sustainable economic development through renewable energy applications	2	ready		"sedrea +> ?""sustainable economic development through renewable energy applications"";"
seer	systems efficiency improvement equitization renewables	2	ready		"seer +> ?""systems efficiency improvement equitization renewables"";"
ice-slm	integrating climate change environment sustainable land management	2	ready		"ice-slm +> ?""integrating climate change environment sustainable land management"";"
padgo	portfolio approach distributed generation opportunity	2	ready		"padgo +> ?""portfolio approach distributed generation opportunity"";"
gsgda	ghana shared growth development agenda	2	ready		"gsgda +> ?""ghana shared growth development agenda"";"
sartla	strengthening agricultural resilience through transformational livelihood adaptation	2	ready		"sartla +> ?""strengthening agricultural resilience through transformational livelihood adaptation"";"
ifj	investing food jobs	2	ready		"ifj +> ?""investing food jobs"";"
ieemms	industrial energy efficiency malaysian manufacturing sector	2	ready		"ieemms +> ?""industrial energy efficiency malaysian manufacturing sector"";"
ecpa	energy conservation production act	2	ready		"ecpa +> ?""energy conservation production act"";"
undaf	united nations development assistance framework	2	ready		"undaf +> ?""united nations development assistance framework"";"
siwsap	solomon islands water sector adaptation project	2	ready		"siwsap +> ?""solomon islands water sector adaptation project"";"
casp+	community based agriculture support programme	2	ready		"casp+ +> ?""community based agriculture support programme"";"
remt	renewable energy market transformation	2	ready		"remt +> ?""renewable energy market transformation"";"
eeg	energy efficiency grant	2	ready		"eeg +> ?""energy efficiency grant"";"
anr	agriculture natural resources	2	ready		"anr +> ?""agriculture natural resources"";"
cnfs	climate nature finance strategy	2	ready		"cnfs +> ?""climate nature finance strategy"";"
ncap	national cooling action plan	2	ready		"ncap +> ?""national cooling action plan"";"
npb	northern pistachio belt	2	ready		"npb +> ?""northern pistachio belt"";"
efc	eastern forest complex	2	ready		"efc +> ?""eastern forest complex"";"
sarfi	scaling adaptation resilience through financial institutions	2	ready		"sarfi +> ?""scaling adaptation resilience through financial institutions"";"
otaf	outrigger impact technical assistance facility	2	ready		"otaf +> ?""outrigger impact technical assistance facility"";"
eepb	energy efficiency public buildings	2	ready		"eepb +> ?""energy efficiency public buildings"";"
nggas	national greenhouse gas abatement strategy	2	ready		"nggas +> ?""national greenhouse gas abatement strategy"";"
niswrmp	national integrated solid waste resource management policy	2	ready		"niswrmp +> ?""national integrated solid waste resource management policy"";"
eqip	environmental quality incentives program	2	ready		"eqip +> ?""environmental quality incentives program"";"
rerl	renewable energy rural livelihood	2	ready		"rerl +> ?""renewable energy rural livelihood"";"
sos	samoa ocean strategy	2	ready		"sos +> ?""samoa ocean strategy"";"
nc4	national communication 4	2	ready		"nc4 +> ?""national communication 4"";"
bur2	biennial update report 2	2	ready		"bur2 +> ?""biennial update report 2"";"
lapa	local adaptation plans action	2	ready		"lapa +> ?""local adaptation plans action"";"
neap	national environmental action plan	2	ready		"neap +> ?""national environmental action plan"";"
gam	greater amman municipality	2	ready		"gam +> ?""greater amman municipality"";"
itf	international transport forum	2	ready		"itf +> ?""international transport forum"";"
apsa	agricultural producers support act	2	ready		"apsa +> ?""agricultural producers support act"";"
cnc	carbon neutrality coalition	2	ready		"cnc +> ?""carbon neutrality coalition"";"
jgi	joint geophysical imaging	2	ready		"jgi +> ?""joint geophysical imaging"";"
uwep	uruguay wind energy programme	2	ready		"uwep +> ?""uruguay wind energy programme"";"
tref	tuvalu rural electrification fund	2	ready		"tref +> ?""tuvalu rural electrification fund"";"
frel	forest reference emission level	2	ready		"frel +> ?""forest reference emission level"";"
anpdf	afghanistan national peace development framework	2	ready		"anpdf +> ?""afghanistan national peace development framework"";"
belp	badia ecosystem livelihoods project	2	ready		"belp +> ?""badia ecosystem livelihoods project"";"
epr	extended producer responsibility	2	ready		"epr +> ?""extended producer responsibility"";"
wave	water security alternative energy vital ecosystems	2	ready		"wave +> ?""water security alternative energy vital ecosystems"";"
star	system transparent allocation resources	2	ready		"star +> ?""system transparent allocation resources"";"
nccc	national commission climate change	2	ready		"nccc +> ?""national commission climate change"";"
mfhr	marangopoulos foundation human rights	2	ready		"mfhr +> ?""marangopoulos foundation human rights"";"
sid-ws	sustainable inclusive development west suriname	2	ready		"sid-ws +> ?""sustainable inclusive development west suriname"";"
mctap	micro turbine cogeneration technology application project	2	ready		"mctap +> ?""micro turbine cogeneration technology application project"";"
bev	battery electric vehicles	2	ready		"bev +> ?""battery electric vehicles"";"
freager	facilitating renewable energy energy efficiency applications greenhouse gas emission reduction	2	ready		"freager +> ?""facilitating renewable energy energy efficiency applications greenhouse gas emission reduction"";"
gbcp	green building code pakistan	2	ready		"gbcp +> ?""green building code pakistan"";"
pasbet	promotion application sustainable biomass energy technologies	2	ready		"pasbet +> ?""promotion application sustainable biomass energy technologies"";"
zest	zanzibar energy sector transformation	2	ready		"zest +> ?""zanzibar energy sector transformation"";"
dldd	desertification land degradation drought	2	ready		"dldd +> ?""desertification land degradation drought"";"
gms	greater mekong subregion	2	ready		"gms +> ?""greater mekong subregion"";"
brcc	building resilience climate change	2	ready		"brcc +> ?""building resilience climate change"";"
epca	energy policy conservation act	2	ready		"epca +> ?""energy policy conservation act"";"
frepp	fiji renewable energy power project	2	ready		"frepp +> ?""fiji renewable energy power project"";"
phs	pumped hydropower storage	2	ready		"phs +> ?""pumped hydropower storage"";"
icc	international chamber commerce	2	ready		"icc +> ?""international chamber commerce"";"
mtpf	medium term policy framework	2	ready		"mtpf +> ?""medium term policy framework"";"
reef	russia energy efficiency financing	2	ready		"reef +> ?""russia energy efficiency financing"";"
pacc	pacific adaptation climate change	2	ready		"pacc +> ?""pacific adaptation climate change"";"
vgf	viability gap funding	2	ready		"vgf +> ?""viability gap funding"";"
mslf2	mirova sustainable land fund 2	2	ready		"mslf2 +> ?""mirova sustainable land fund 2"";"
sds	sand dust storms	2	ready		"sds +> ?""sand dust storms"";"
respp	renewable energy small power project	2	ready		"respp +> ?""renewable energy small power project"";"
ifrc	international federation red cross	2	ready		"ifrc +> ?""international federation red cross"";"
piggarep	pacific islands greenhouse gas abatement through renewable energy project	2	ready		"piggarep +> ?""pacific islands greenhouse gas abatement through renewable energy project"";"
nog	northern oil gas	2	ready		"nog +> ?""northern oil gas"";"
scl	systems change lab	2	ready		"scl +> ?""systems change lab"";"
ptmp	public transport modernization program	2	ready		"ptmp +> ?""public transport modernization program"";"
ccg	corporate climate governance	2	ready		"ccg +> ?""corporate climate governance"";"
cclf	community based climate responsive livelihoods forestry	2	ready		"cclf +> ?""community based climate responsive livelihoods forestry"";"
dcm	decision council ministers	2	ready		"dcm +> ?""decision council ministers"";"
ascent	accelerating sustainable clean energy investments net zero transition	2	ready		"ascent +> ?""accelerating sustainable clean energy investments net zero transition"";"
nvy	nagar van yojana	2	ready		"nvy +> ?""nagar van yojana"";"
reg	rwanda energy group	2	ready		"reg +> ?""rwanda energy group"";"
wfp	world food programme	2	ready		"wfp +> ?""world food programme"";"
jilmi	jordan integrated landscape management initiative	2	ready		"jilmi +> ?""jordan integrated landscape management initiative"";"
icsc	institute climate sustainable cities	2	ready		"icsc +> ?""institute climate sustainable cities"";"
cawa	climate adaptation wetlands areas	2	ready		"cawa +> ?""climate adaptation wetlands areas"";"
fei	fund energy inclusion	2	ready		"fei +> ?""fund energy inclusion"";"
njta	national just transition approach	2	ready		"njta +> ?""national just transition approach"";"
pseep2	private sector energy efficiency programme phase 2	2	ready		"pseep2 +> ?""private sector energy efficiency programme phase 2"";"
chips	creating helpful incentives produce semiconductors	2	ready		"chips +> ?""creating helpful incentives produce semiconductors"";"
ctcn	climate technology centre network	2	ready		"ctcn +> ?""climate technology centre network"";"
spp	small power producers	2	ready		"spp +> ?""small power producers"";"
ssref	small scale renewable energy facility	2	ready		"ssref +> ?""small scale renewable energy facility"";"
ppcc	plurinational policy climate change	2	ready		"ppcc +> ?""plurinational policy climate change"";"
bccsap	bangladesh climate change strategy action plan	2	ready		"bccsap +> ?""bangladesh climate change strategy action plan"";"
irp	integrated resource plan	2	ready		"irp +> ?""integrated resource plan"";"
ev	electric vehicle	2	ready		"ev +> ?""electric vehicle"";"
copw	centre oil pollution watch	2	ready		"copw +> ?""centre oil pollution watch"";"
npasmp	national protected area strategic management plan	2	ready		"npasmp +> ?""national protected area strategic management plan"";"
ccpcc	climate change policy coordination commission	2	ready		"ccpcc +> ?""climate change policy coordination commission"";"
gedp	geothermal exploratory drilling project	2	ready		"gedp +> ?""geothermal exploratory drilling project"";"
gsdp	geothermal sector development project	2	ready		"gsdp +> ?""geothermal sector development project"";"
nemp	national environment management policy	2	ready		"nemp +> ?""national environment management policy"";"
amrut	atal mission rejuvenation urban transformation	2	ready		"amrut +> ?""atal mission rejuvenation urban transformation"";"
nerp	national emissions reduction programme	2	ready		"nerp +> ?""national emissions reduction programme"";"
cccsp	cambodia climate change strategic plan	1	ready		"cccsp +> ?""cambodia climate change strategic plan"";"
pdot	plan de desarrollo y ordenamiento territorial	1	ready		"pdot +> ?""plan de desarrollo y ordenamiento territorial"";"
pagcc	plan de acción de género y cambio climático	1	ready		"pagcc +> ?""plan de acción de género y cambio climático"";"
pnd	programa nacional de	1	ready		"pnd +> ?""programa nacional de"";"
cirp	climate innovation regional program	1	ready		"cirp +> ?""climate innovation regional program"";"
lts	long term strategy	1	ready		"lts +> ?""long term strategy"";"
crmm	common risk mitigation mechanism	1	ready		"crmm +> ?""common risk mitigation mechanism"";"
ifia	innovative financial incentives adaptation	1	ready		"ifia +> ?""innovative financial incentives adaptation"";"
assure	accelerating sustainable system development using renewable energy	1	ready		"assure +> ?""accelerating sustainable system development using renewable energy"";"
irgei	inventarios regionales de gases de efecto invernadero	1	ready		"irgei +> ?""inventarios regionales de gases de efecto invernadero"";"
berc	bangladesh energy regulatory commission	1	ready		"berc +> ?""bangladesh energy regulatory commission"";"
calrf	change adaptation livelihoods through rural finance	1	ready		"calrf +> ?""change adaptation livelihoods through rural finance"";"
ncfs	national climate finance strategy	1	ready		"ncfs +> ?""national climate finance strategy"";"
scrp	smallholder climate resilience project	1	ready		"scrp +> ?""smallholder climate resilience project"";"
vat	value added tax	1	ready		"vat +> ?""value added tax"";"
sfdr	sustainable finance disclosure regulation	1	review	already a rule in documents.sr	"sfdr +> ?""sustainable finance disclosure regulation"";"
crlndc	climate resilience livelihoods nicaraguan dry corridor	1	ready		"crlndc +> ?""climate resilience livelihoods nicaraguan dry corridor"";"
ias	invasive alien species	1	ready		"ias +> ?""invasive alien species"";"
pedn	plan estratégico de desarrollo nacional	1	ready		"pedn +> ?""plan estratégico de desarrollo nacional"";"
nsw	new south wales	1	ready		"nsw +> ?""new south wales"";"
cagne	communities against gatwick noise emissions	1	ready		"cagne +> ?""communities against gatwick noise emissions"";"
eia	environmental impact assessment	1	ready		"eia +> ?""environmental impact assessment"";"
tereg	tunisia energy reliability efficiency governance	1	ready		"tereg +> ?""tunisia energy reliability efficiency governance"";"
cer	consumer energy resources	1	ready		"cer +> ?""consumer energy resources"";"
nghm	national green hydrogen mission	1	ready		"nghm +> ?""national green hydrogen mission"";"
npcc	national policy climate change	1	ready		"npcc +> ?""national policy climate change"";"
itc	investment tax credit	1	ready		"itc +> ?""investment tax credit"";"
cgbs	canada green buildings strategy	1	ready		"cgbs +> ?""canada green buildings strategy"";"
shepi	social housing energy performance initiative	1	ready		"shepi +> ?""social housing energy performance initiative"";"
pte	per la transizione ecologica	1	ready		"pte +> ?""per la transizione ecologica"";"
ec	european parliament council	1	review	ISO-2 prefix, Ecuador	"ec +> ?""european parliament council"";"
zgh	zhejiang geely holding	1	ready		"zgh +> ?""zhejiang geely holding"";"
nebp	national electric bus programme	1	ready		"nebp +> ?""national electric bus programme"";"
nap-e	national adaptation plan energy	1	ready		"nap-e +> ?""national adaptation plan energy"";"
gcrp	ger community resilience project	1	ready		"gcrp +> ?""ger community resilience project"";"
asif	adaptation smes innovation facility	1	ready		"asif +> ?""adaptation smes innovation facility"";"
cc-rec	climate change resilience ecosystem connectivity	1	ready		"cc-rec +> ?""climate change resilience ecosystem connectivity"";"
secr	streamlined energy carbon reporting	1	ready		"secr +> ?""streamlined energy carbon reporting"";"
red	renewable energy directive	1	ready		"red +> ?""renewable energy directive"";"
ccailso	climate change adaptation improve livelihoods siwa oasis	1	ready		"ccailso +> ?""climate change adaptation improve livelihoods siwa oasis"";"
isgap	innovation small grant aggregator platform	1	ready		"isgap +> ?""innovation small grant aggregator platform"";"
seg	smart export guarantee	1	ready		"seg +> ?""smart export guarantee"";"
cicc	comisión intersecretarial de cambio climático	1	ready		"cicc +> ?""comisión intersecretarial de cambio climático"";"
encs	estrategia nacional de construcción sustentable	1	ready		"encs +> ?""estrategia nacional de construcción sustentable"";"
csp	conservation stewardship program	1	ready		"csp +> ?""conservation stewardship program"";"
step	strategic technologies europe platform	1	ready		"step +> ?""strategic technologies europe platform"";"
alpa	agricultural land protection act	1	ready		"alpa +> ?""agricultural land protection act"";"
cancc	comisión de alto nivel de cambio climático	1	ready		"cancc +> ?""comisión de alto nivel de cambio climático"";"
nves	new vehicle efficiency standard	1	ready		"nves +> ?""new vehicle efficiency standard"";"
csrd	corporate sustainability reporting directive	1	ready		"csrd +> ?""corporate sustainability reporting directive"";"
scf	social climate fund	1	ready		"scf +> ?""social climate fund"";"
etmcp	energy transition mechanism country platform	1	ready		"etmcp +> ?""energy transition mechanism country platform"";"
ggc	green guarantee company	1	ready		"ggc +> ?""green guarantee company"";"
ppicc	plataforma de pueblos indígenas para enfrentar el cambio climático	1	ready		"ppicc +> ?""plataforma de pueblos indígenas para enfrentar el cambio climático"";"
csarcc	comisión del sector agrario y de riego sobre cambio climático	1	ready		"csarcc +> ?""comisión del sector agrario y de riego sobre cambio climático"";"
mpsa	marco de politica del sector agropecuario	1	ready		"mpsa +> ?""marco de politica del sector agropecuario"";"
aawdcp	assessment fp288 jordan aqaba amman water desalination conveyance project	1	ready		"aawdcp +> ?""assessment fp288 jordan aqaba amman water desalination conveyance project"";"
ntai	northern transportation adaptation initiative	1	ready		"ntai +> ?""northern transportation adaptation initiative"";"
tdb	trade development bank	1	ready		"tdb +> ?""trade development bank"";"
lghcti	ley general en materia de humanidades ciencias tecnologías e innovación	1	ready		"lghcti +> ?""ley general en materia de humanidades ciencias tecnologías e innovación"";"
pnh	programa nacional hídrico	1	ready		"pnh +> ?""programa nacional hídrico"";"
euse	efficient use saving energy	1	ready		"euse +> ?""efficient use saving energy"";"
sasb	sustainability accounting standards board	1	ready		"sasb +> ?""sustainability accounting standards board"";"
crevi	comprehensive roadmap electric vehicle industry	1	ready		"crevi +> ?""comprehensive roadmap electric vehicle industry"";"
edc	export development canada	1	ready		"edc +> ?""export development canada"";"
pngr	programma nazionale per la gestione dei rifiuti	1	ready		"pngr +> ?""programma nazionale per la gestione dei rifiuti"";"
acrei	agricultural climate resilience enhancement initiative	1	ready		"acrei +> ?""agricultural climate resilience enhancement initiative"";"
knecs	kenya national electric cooking strategy	1	ready		"knecs +> ?""kenya national electric cooking strategy"";"
ricar	rural integrated climate adaptation resilience	1	ready		"ricar +> ?""rural integrated climate adaptation resilience"";"
igahp	indonesia green affordable housing program	1	ready		"igahp +> ?""indonesia green affordable housing program"";"
eu	emission allowance trading within union	1	review	geo synonym -> european union	"eu +> ?""emission allowance trading within union"";"
sn-rrc	stratégie nationale de réduction des risques de catastrophes	1	ready		"sn-rrc +> ?""stratégie nationale de réduction des risques de catastrophes"";"
cfa	central financial assistance	1	ready		"cfa +> ?""central financial assistance"";"
engcc	estrategia nacional de género ante el cambio climático	1	ready		"engcc +> ?""estrategia nacional de género ante el cambio climático"";"
crave	climate resilient agriculture three vulnerable extreme	1	ready		"crave +> ?""climate resilient agriculture three vulnerable extreme"";"
eenp	energy efficiency national partnership	1	ready		"eenp +> ?""energy efficiency national partnership"";"
ese	energy security environment	1	ready		"ese +> ?""energy security environment"";"
gri	global reporting initiative	1	ready		"gri +> ?""global reporting initiative"";"
spref	semed private renewable energy framework	1	ready		"spref +> ?""semed private renewable energy framework"";"
sdp	sector development program	1	ready		"sdp +> ?""sector development program"";"
edp	estrategia de descarbonización de puertos	1	ready		"edp +> ?""estrategia de descarbonización de puertos"";"
uncccs	uganda national climate change communication strategy	1	ready		"uncccs +> ?""uganda national climate change communication strategy"";"
bess	battery energy storage systems	1	ready		"bess +> ?""battery energy storage systems"";"
lrt	light rail transit	1	ready		"lrt +> ?""light rail transit"";"
ldrs	ley de desarrollo rural sustentable	1	ready		"ldrs +> ?""ley de desarrollo rural sustentable"";"
puvmp	public utility vehicle modernization program	1	ready		"puvmp +> ?""public utility vehicle modernization program"";"
rep	renewable energy program	1	ready		"rep +> ?""renewable energy program"";"
eed	energy efficiency directive	1	ready		"eed +> ?""energy efficiency directive"";"
caiap	climate adaptation innovation accelerator programme	1	ready		"caiap +> ?""climate adaptation innovation accelerator programme"";"
ghcs	green hydrogen commercialisation strategy	1	ready		"ghcs +> ?""green hydrogen commercialisation strategy"";"
bcb	board directors central bank	1	ready		"bcb +> ?""board directors central bank"";"
jet-ip	just energy transition implementation plan	1	ready		"jet-ip +> ?""just energy transition implementation plan"";"
ccasap	climate change adaptation strategy action plan	1	ready		"ccasap +> ?""climate change adaptation strategy action plan"";"
nipas	national integrated protected areas system	1	ready		"nipas +> ?""national integrated protected areas system"";"
sshd	secretary state home department	1	ready		"sshd +> ?""secretary state home department"";"
seam	solar energy innovative adaptive management	1	ready		"seam +> ?""solar energy innovative adaptive management"";"
nempsi	national environmental master plan strategic interventions	1	ready		"nempsi +> ?""national environmental master plan strategic interventions"";"
r-irr	revised implementing rules regulations	1	ready		"r-irr +> ?""revised implementing rules regulations"";"
naip	national adaptation investment plan	1	ready		"naip +> ?""national adaptation investment plan"";"
pnrrd	plan nacional para la reducción del riesgo de	1	ready		"pnrrd +> ?""plan nacional para la reducción del riesgo de"";"
